call_id,caller,receiver,timestamp
C0001,P001,P002,2026-08-11T03:03:00
C0002,P001,P002,2026-08-11T13:32:00
C0003,P001,P002,2026-08-11T16:20:00
C0004,P001,P003,2026-08-10T08:33:00
C0005,P001,P003,2026-08-11T07:23:00
C0006,P001,P003,2026-08-11T08:46:00
C0007,P001,P004,2026-08-10T12:04:00
C0008,P001,P004,2026-08-11T07:26:00
C0009,P001,P004,2026-08-11T14:22:00
C0010,P001,P005,2026-08-11T02:29:00
C0011,P001,P005,2026-08-11T09:47:00
C0012,P001,P005,2026-08-10T17:16:00
C0013,P002,P003,2026-08-11T10:24:00
C0014,P002,P003,2026-08-11T06:02:00
C0015,P002,P003,2026-08-10T19:46:00
C0016,P002,P004,2026-08-10T11:58:00
C0017,P002,P004,2026-08-10T18:11:00
C0018,P002,P004,2026-08-10T23:00:00
C0019,P002,P005,2026-08-10T13:33:00
C0020,P002,P005,2026-08-10T23:39:00
C0021,P002,P005,2026-08-10T08:16:00
C0022,P002,P006,2026-08-11T16:43:00
C0023,P002,P006,2026-08-11T08:48:00
C0024,P002,P006,2026-08-11T14:03:00
C0025,P003,P004,2026-08-11T08:43:00
C0026,P003,P004,2026-08-10T17:09:00
C0027,P003,P004,2026-08-11T17:20:00
C0028,P003,P005,2026-08-11T01:15:00
C0029,P003,P005,2026-08-11T10:10:00
C0030,P003,P005,2026-08-10T14:15:00
C0031,P003,P006,2026-08-11T01:29:00
C0032,P003,P006,2026-08-11T15:19:00
C0033,P003,P006,2026-08-10T11:47:00
C0034,P003,P007,2026-08-11T13:52:00
C0035,P003,P007,2026-08-11T05:30:00
C0036,P003,P007,2026-08-10T18:21:00
C0037,P004,P005,2026-08-11T12:53:00
C0038,P004,P005,2026-08-11T05:58:00
C0039,P004,P005,2026-08-11T01:29:00
C0040,P004,P006,2026-08-11T04:57:00
C0041,P004,P006,2026-08-10T14:57:00
C0042,P004,P006,2026-08-10T13:23:00
C0043,P004,P007,2026-08-10T20:55:00
C0044,P004,P007,2026-08-11T10:11:00
C0045,P004,P007,2026-08-10T13:40:00
C0046,P004,P008,2026-08-11T02:34:00
C0047,P004,P008,2026-08-11T16:42:00
C0048,P004,P008,2026-08-11T10:44:00
C0049,P005,P006,2026-08-11T15:39:00
C0050,P005,P006,2026-08-11T02:16:00
C0051,P005,P006,2026-08-11T15:31:00
C0052,P005,P007,2026-08-10T08:11:00
C0053,P005,P007,2026-08-11T04:36:00
C0054,P005,P007,2026-08-10T19:13:00
C0055,P005,P008,2026-08-11T00:50:00
C0056,P005,P008,2026-08-10T08:49:00
C0057,P005,P008,2026-08-10T11:59:00
C0058,P005,P009,2026-08-11T15:52:00
C0059,P005,P009,2026-08-10T20:33:00
C0060,P005,P009,2026-08-11T14:09:00
C0061,P006,P007,2026-08-11T12:33:00
C0062,P006,P007,2026-08-11T11:42:00
C0063,P006,P007,2026-08-10T18:39:00
C0064,P006,P008,2026-08-10T16:20:00
C0065,P006,P008,2026-08-10T10:08:00
C0066,P006,P008,2026-08-10T16:23:00
C0067,P006,P009,2026-08-11T14:08:00
C0068,P006,P009,2026-08-11T03:31:00
C0069,P006,P009,2026-08-11T16:29:00
C0070,P006,P010,2026-08-10T10:51:00
C0071,P006,P010,2026-08-10T11:05:00
C0072,P006,P010,2026-08-11T09:08:00
C0073,P007,P008,2026-08-11T00:45:00
C0074,P007,P008,2026-08-11T12:01:00
C0075,P007,P008,2026-08-10T10:31:00
C0076,P007,P009,2026-08-11T10:07:00
C0077,P007,P009,2026-08-11T02:20:00
C0078,P007,P009,2026-08-11T10:18:00
C0079,P007,P010,2026-08-10T12:27:00
C0080,P007,P010,2026-08-10T12:32:00
C0081,P007,P010,2026-08-11T06:41:00
C0082,P007,P011,2026-08-11T00:23:00
C0083,P007,P011,2026-08-11T16:29:00
C0084,P007,P011,2026-08-11T02:55:00
C0085,P008,P009,2026-08-10T13:48:00
C0086,P008,P009,2026-08-10T17:12:00
C0087,P008,P009,2026-08-11T02:10:00
C0088,P008,P010,2026-08-11T13:56:00
C0089,P008,P010,2026-08-11T04:52:00
C0090,P008,P010,2026-08-10T22:36:00
C0091,P008,P011,2026-08-11T17:05:00
C0092,P008,P011,2026-08-10T15:23:00
C0093,P008,P011,2026-08-11T15:52:00
C0094,P008,P012,2026-08-11T02:34:00
C0095,P008,P012,2026-08-11T09:56:00
C0096,P008,P012,2026-08-11T09:04:00
C0097,P009,P010,2026-08-11T07:42:00
C0098,P009,P010,2026-08-10T15:01:00
C0099,P009,P010,2026-08-11T08:30:00
C0100,P009,P011,2026-08-10T18:48:00
C0101,P009,P011,2026-08-10T21:47:00
C0102,P009,P011,2026-08-11T07:05:00
C0103,P009,P012,2026-08-11T06:20:00
C0104,P009,P012,2026-08-10T20:54:00
C0105,P009,P012,2026-08-10T23:07:00
C0106,P009,P013,2026-08-11T14:52:00
C0107,P009,P013,2026-08-11T01:49:00
C0108,P009,P013,2026-08-10T23:34:00
C0109,P010,P011,2026-08-10T12:17:00
C0110,P010,P011,2026-08-10T16:37:00
C0111,P010,P011,2026-08-10T15:50:00
C0112,P010,P012,2026-08-10T10:21:00
C0113,P010,P012,2026-08-10T19:42:00
C0114,P010,P012,2026-08-10T08:53:00
C0115,P010,P013,2026-08-11T04:14:00
C0116,P010,P013,2026-08-11T03:04:00
C0117,P010,P013,2026-08-10T16:01:00
C0118,P010,P014,2026-08-11T04:15:00
C0119,P010,P014,2026-08-10T15:41:00
C0120,P010,P014,2026-08-10T08:24:00
C0121,P011,P012,2026-08-10T10:35:00
C0122,P011,P012,2026-08-11T08:19:00
C0123,P011,P012,2026-08-11T05:42:00
C0124,P011,P013,2026-08-10T10:10:00
C0125,P011,P013,2026-08-10T15:58:00
C0126,P011,P013,2026-08-10T10:28:00
C0127,P011,P014,2026-08-11T15:04:00
C0128,P011,P014,2026-08-10T09:14:00
C0129,P011,P014,2026-08-11T13:30:00
C0130,P011,P015,2026-08-10T19:26:00
C0131,P011,P015,2026-08-10T10:35:00
C0132,P011,P015,2026-08-11T01:42:00
C0133,P012,P013,2026-08-10T16:17:00
C0134,P012,P013,2026-08-10T17:40:00
C0135,P012,P013,2026-08-11T07:00:00
C0136,P012,P014,2026-08-11T00:44:00
C0137,P012,P014,2026-08-10T15:28:00
C0138,P012,P014,2026-08-11T02:34:00
C0139,P012,P015,2026-08-10T12:40:00
C0140,P012,P015,2026-08-11T08:51:00
C0141,P012,P015,2026-08-11T16:05:00
C0142,P013,P014,2026-08-11T14:17:00
C0143,P013,P014,2026-08-11T03:39:00
C0144,P013,P014,2026-08-11T03:50:00
C0145,P013,P015,2026-08-11T00:18:00
C0146,P013,P015,2026-08-10T16:27:00
C0147,P013,P015,2026-08-11T10:56:00
C0148,P014,P015,2026-08-11T00:18:00
C0149,P014,P015,2026-08-11T11:43:00
C0150,P014,P015,2026-08-10T22:03:00
C0151,P045,P046,2026-08-10T14:39:00
C0152,P045,P046,2026-08-10T11:23:00
C0153,P045,P046,2026-08-10T11:28:00
C0154,P045,P046,2026-08-11T06:39:00
C0155,P045,P047,2026-08-10T22:52:00
C0156,P045,P047,2026-08-10T20:15:00
C0157,P045,P047,2026-08-10T22:37:00
C0158,P045,P047,2026-08-10T22:11:00
C0159,P045,P048,2026-08-11T00:06:00
C0160,P045,P048,2026-08-11T13:39:00
C0161,P045,P048,2026-08-11T09:03:00
C0162,P045,P048,2026-08-10T10:00:00
C0163,P045,P049,2026-08-11T07:09:00
C0164,P045,P049,2026-08-11T06:28:00
C0165,P045,P049,2026-08-11T06:13:00
C0166,P045,P049,2026-08-10T11:31:00
C0167,P046,P047,2026-08-10T10:14:00
C0168,P046,P047,2026-08-10T21:54:00
C0169,P046,P047,2026-08-11T09:01:00
C0170,P046,P047,2026-08-10T19:44:00
C0171,P046,P048,2026-08-11T11:29:00
C0172,P046,P048,2026-08-11T13:34:00
C0173,P046,P048,2026-08-10T11:53:00
C0174,P046,P048,2026-08-10T16:39:00
C0175,P046,P049,2026-08-10T14:42:00
C0176,P046,P049,2026-08-10T14:39:00
C0177,P046,P049,2026-08-11T02:28:00
C0178,P046,P049,2026-08-10T23:28:00
C0179,P046,P050,2026-08-10T12:57:00
C0180,P046,P050,2026-08-10T22:34:00
C0181,P046,P050,2026-08-10T14:25:00
C0182,P046,P050,2026-08-10T17:40:00
C0183,P047,P048,2026-08-10T23:57:00
C0184,P047,P048,2026-08-10T16:41:00
C0185,P047,P048,2026-08-11T14:00:00
C0186,P047,P048,2026-08-11T15:40:00
C0187,P047,P049,2026-08-10T10:44:00
C0188,P047,P049,2026-08-10T23:17:00
C0189,P047,P049,2026-08-11T11:44:00
C0190,P047,P049,2026-08-11T13:34:00
C0191,P047,P050,2026-08-11T13:23:00
C0192,P047,P050,2026-08-11T02:57:00
C0193,P047,P050,2026-08-10T11:30:00
C0194,P047,P050,2026-08-10T09:53:00
C0195,P047,P051,2026-08-11T06:25:00
C0196,P047,P051,2026-08-11T02:37:00
C0197,P047,P051,2026-08-11T12:42:00
C0198,P047,P051,2026-08-10T08:40:00
C0199,P048,P049,2026-08-11T17:14:00
C0200,P048,P049,2026-08-10T11:21:00
C0201,P048,P049,2026-08-11T15:47:00
C0202,P048,P049,2026-08-11T09:53:00
C0203,P048,P050,2026-08-11T13:08:00
C0204,P048,P050,2026-08-10T16:14:00
C0205,P048,P050,2026-08-10T13:50:00
C0206,P048,P050,2026-08-10T22:02:00
C0207,P048,P051,2026-08-11T00:44:00
C0208,P048,P051,2026-08-11T00:35:00
C0209,P048,P051,2026-08-10T15:27:00
C0210,P048,P051,2026-08-11T13:40:00
C0211,P048,P052,2026-08-10T21:51:00
C0212,P048,P052,2026-08-11T14:58:00
C0213,P048,P052,2026-08-10T10:10:00
C0214,P048,P052,2026-08-10T13:47:00
C0215,P049,P050,2026-08-10T21:06:00
C0216,P049,P050,2026-08-10T08:14:00
C0217,P049,P050,2026-08-10T21:29:00
C0218,P049,P050,2026-08-10T17:13:00
C0219,P049,P051,2026-08-11T15:47:00
C0220,P049,P051,2026-08-11T10:55:00
C0221,P049,P051,2026-08-11T10:57:00
C0222,P049,P051,2026-08-10T23:41:00
C0223,P049,P052,2026-08-10T17:54:00
C0224,P049,P052,2026-08-10T22:36:00
C0225,P049,P052,2026-08-11T07:56:00
C0226,P049,P052,2026-08-11T16:50:00
C0227,P049,P053,2026-08-11T09:06:00
C0228,P049,P053,2026-08-11T10:54:00
C0229,P049,P053,2026-08-11T03:08:00
C0230,P049,P053,2026-08-11T06:45:00
C0231,P050,P051,2026-08-11T08:41:00
C0232,P050,P051,2026-08-11T00:46:00
C0233,P050,P051,2026-08-10T13:27:00
C0234,P050,P051,2026-08-10T14:38:00
C0235,P050,P052,2026-08-10T18:17:00
C0236,P050,P052,2026-08-10T15:35:00
C0237,P050,P052,2026-08-11T17:13:00
C0238,P050,P052,2026-08-10T10:09:00
C0239,P050,P053,2026-08-11T03:56:00
C0240,P050,P053,2026-08-11T09:16:00
C0241,P050,P053,2026-08-11T02:40:00
C0242,P050,P053,2026-08-10T10:14:00
C0243,P050,P054,2026-08-11T09:41:00
C0244,P050,P054,2026-08-10T18:52:00
C0245,P050,P054,2026-08-10T10:07:00
C0246,P050,P054,2026-08-10T09:52:00
C0247,P051,P052,2026-08-11T04:06:00
C0248,P051,P052,2026-08-11T00:26:00
C0249,P051,P052,2026-08-11T01:19:00
C0250,P051,P052,2026-08-11T15:32:00
C0251,P051,P053,2026-08-11T13:16:00
C0252,P051,P053,2026-08-11T02:17:00
C0253,P051,P053,2026-08-10T13:32:00
C0254,P051,P053,2026-08-10T10:06:00
C0255,P051,P054,2026-08-11T16:57:00
C0256,P051,P054,2026-08-11T01:30:00
C0257,P051,P054,2026-08-10T10:54:00
C0258,P051,P054,2026-08-11T13:13:00
C0259,P051,P055,2026-08-10T14:30:00
C0260,P051,P055,2026-08-10T10:30:00
C0261,P051,P055,2026-08-11T04:28:00
C0262,P051,P055,2026-08-10T10:29:00
C0263,P052,P053,2026-08-11T07:12:00
C0264,P052,P053,2026-08-11T13:35:00
C0265,P052,P053,2026-08-10T16:11:00
C0266,P052,P053,2026-08-10T21:56:00
C0267,P052,P054,2026-08-10T12:15:00
C0268,P052,P054,2026-08-11T16:18:00
C0269,P052,P054,2026-08-11T14:33:00
C0270,P052,P054,2026-08-11T03:36:00
C0271,P052,P055,2026-08-10T16:34:00
C0272,P052,P055,2026-08-11T03:55:00
C0273,P052,P055,2026-08-11T04:27:00
C0274,P052,P055,2026-08-10T09:31:00
C0275,P052,P056,2026-08-11T05:18:00
C0276,P052,P056,2026-08-10T10:57:00
C0277,P052,P056,2026-08-10T22:28:00
C0278,P052,P056,2026-08-11T06:36:00
C0279,P053,P054,2026-08-11T04:05:00
C0280,P053,P054,2026-08-11T03:27:00
C0281,P053,P054,2026-08-11T02:00:00
C0282,P053,P054,2026-08-10T18:57:00
C0283,P053,P055,2026-08-11T16:04:00
C0284,P053,P055,2026-08-10T17:04:00
C0285,P053,P055,2026-08-10T15:08:00
C0286,P053,P055,2026-08-11T07:01:00
C0287,P053,P056,2026-08-11T08:36:00
C0288,P053,P056,2026-08-10T18:53:00
C0289,P053,P056,2026-08-10T16:18:00
C0290,P053,P056,2026-08-10T17:13:00
C0291,P053,P057,2026-08-10T21:40:00
C0292,P053,P057,2026-08-10T12:38:00
C0293,P053,P057,2026-08-11T07:05:00
C0294,P053,P057,2026-08-11T06:11:00
C0295,P054,P055,2026-08-10T18:24:00
C0296,P054,P055,2026-08-10T23:46:00
C0297,P054,P055,2026-08-10T18:57:00
C0298,P054,P055,2026-08-11T15:52:00
C0299,P054,P056,2026-08-11T09:49:00
C0300,P054,P056,2026-08-11T16:06:00
C0301,P054,P056,2026-08-10T10:38:00
C0302,P054,P056,2026-08-10T08:29:00
C0303,P054,P057,2026-08-10T23:48:00
C0304,P054,P057,2026-08-11T05:22:00
C0305,P054,P057,2026-08-11T03:23:00
C0306,P054,P057,2026-08-10T11:34:00
C0307,P054,P058,2026-08-10T10:40:00
C0308,P054,P058,2026-08-11T02:31:00
C0309,P054,P058,2026-08-10T15:26:00
C0310,P054,P058,2026-08-11T01:26:00
C0311,P055,P056,2026-08-10T17:13:00
C0312,P055,P056,2026-08-10T12:41:00
C0313,P055,P056,2026-08-11T16:01:00
C0314,P055,P056,2026-08-10T20:04:00
C0315,P055,P057,2026-08-11T14:14:00
C0316,P055,P057,2026-08-10T10:30:00
C0317,P055,P057,2026-08-11T14:10:00
C0318,P055,P057,2026-08-10T16:30:00
C0319,P055,P058,2026-08-10T20:46:00
C0320,P055,P058,2026-08-10T17:53:00
C0321,P055,P058,2026-08-10T13:33:00
C0322,P055,P058,2026-08-10T23:07:00
C0323,P055,P059,2026-08-11T12:37:00
C0324,P055,P059,2026-08-11T02:42:00
C0325,P055,P059,2026-08-11T08:10:00
C0326,P055,P059,2026-08-10T18:29:00
C0327,P056,P057,2026-08-11T05:02:00
C0328,P056,P057,2026-08-11T11:42:00
C0329,P056,P057,2026-08-11T06:29:00
C0330,P056,P057,2026-08-11T02:13:00
C0331,P056,P058,2026-08-10T08:26:00
C0332,P056,P058,2026-08-11T06:57:00
C0333,P056,P058,2026-08-11T12:03:00
C0334,P056,P058,2026-08-11T03:05:00
C0335,P056,P059,2026-08-10T18:23:00
C0336,P056,P059,2026-08-11T15:58:00
C0337,P056,P059,2026-08-11T06:48:00
C0338,P056,P059,2026-08-10T11:42:00
C0339,P056,P060,2026-08-11T16:12:00
C0340,P056,P060,2026-08-11T14:08:00
C0341,P056,P060,2026-08-10T12:45:00
C0342,P056,P060,2026-08-10T17:11:00
C0343,P057,P058,2026-08-10T12:06:00
C0344,P057,P058,2026-08-11T14:32:00
C0345,P057,P058,2026-08-10T11:49:00
C0346,P057,P058,2026-08-11T09:30:00
C0347,P057,P059,2026-08-11T03:03:00
C0348,P057,P059,2026-08-10T13:28:00
C0349,P057,P059,2026-08-10T17:27:00
C0350,P057,P059,2026-08-10T17:47:00
C0351,P057,P060,2026-08-11T04:48:00
C0352,P057,P060,2026-08-10T15:21:00
C0353,P057,P060,2026-08-11T08:39:00
C0354,P057,P060,2026-08-10T19:52:00
C0355,P058,P059,2026-08-10T15:06:00
C0356,P058,P059,2026-08-11T07:37:00
C0357,P058,P059,2026-08-11T05:48:00
C0358,P058,P059,2026-08-11T13:16:00
C0359,P058,P060,2026-08-10T17:10:00
C0360,P058,P060,2026-08-11T01:25:00
C0361,P058,P060,2026-08-11T00:50:00
C0362,P058,P060,2026-08-10T16:44:00
C0363,P059,P060,2026-08-11T15:04:00
C0364,P059,P060,2026-08-11T15:09:00
C0365,P059,P060,2026-08-11T13:02:00
C0366,P059,P060,2026-08-10T09:54:00
C0367,P001,P044,2026-08-10T14:28:00
C0368,P001,P044,2026-08-12T03:28:00
C0369,P001,P044,2026-08-11T13:04:00
C0370,P001,P044,2026-08-12T16:47:00
C0371,P001,P044,2026-08-11T03:03:00
C0372,P001,P044,2026-08-10T11:10:00
C0373,P001,P044,2026-08-10T08:24:00
C0374,P001,P044,2026-08-11T06:56:00
C0375,P001,P044,2026-08-12T12:48:00
C0376,P001,P044,2026-08-10T17:05:00
C0377,P001,P044,2026-08-12T03:39:00
C0378,P001,P044,2026-08-11T02:02:00
C0379,P001,P044,2026-08-10T19:11:00
C0380,P001,P044,2026-08-12T10:46:00
C0381,P001,P044,2026-08-11T14:19:00
C0382,P001,P044,2026-08-11T21:49:00
C0383,P001,P044,2026-08-12T08:20:00
C0384,P001,P044,2026-08-11T13:21:00
C0385,P001,P044,2026-08-11T22:27:00
C0386,P001,P044,2026-08-10T08:49:00
C0387,P001,P044,2026-08-10T15:48:00
C0388,P001,P044,2026-08-10T13:18:00
C0389,P001,P044,2026-08-13T00:40:00
C0390,P001,P044,2026-08-12T20:27:00
C0391,P001,P044,2026-08-12T07:20:00
C0392,P001,P044,2026-08-12T21:52:00
C0393,P001,P044,2026-08-10T18:20:00
C0394,P001,P044,2026-08-11T21:24:00
C0395,P014,P044,2026-08-10T10:37:00
C0396,P014,P044,2026-08-12T17:08:00
C0397,P014,P044,2026-08-11T09:22:00
C0398,P014,P044,2026-08-11T23:55:00
C0399,P014,P044,2026-08-11T21:53:00
C0400,P014,P044,2026-08-10T18:16:00
C0401,P014,P044,2026-08-11T13:30:00
C0402,P014,P044,2026-08-10T16:52:00
C0403,P014,P044,2026-08-10T11:01:00
C0404,P014,P044,2026-08-11T05:12:00
C0405,P014,P044,2026-08-11T09:03:00
C0406,P014,P044,2026-08-12T21:32:00
C0407,P014,P044,2026-08-12T23:51:00
C0408,P014,P044,2026-08-12T14:30:00
C0409,P014,P044,2026-08-13T02:32:00
C0410,P044,P078,2026-08-12T18:55:00
C0411,P044,P078,2026-08-10T10:53:00
C0412,P044,P078,2026-08-12T21:31:00
C0413,P044,P078,2026-08-11T08:35:00
C0414,P044,P078,2026-08-10T22:30:00
C0415,P044,P078,2026-08-12T06:43:00
C0416,P044,P078,2026-08-11T01:12:00
C0417,P044,P078,2026-08-12T05:41:00
C0418,P044,P078,2026-08-10T15:11:00
C0419,P044,P078,2026-08-11T08:18:00
C0420,P044,P078,2026-08-12T13:25:00
C0421,P044,P078,2026-08-11T22:23:00
C0422,P044,P078,2026-08-12T20:31:00
C0423,P044,P078,2026-08-12T19:52:00
C0424,P044,P078,2026-08-11T11:54:00
C0425,P044,P078,2026-08-13T02:38:00
C0426,P044,P078,2026-08-12T02:32:00
C0427,P044,P078,2026-08-12T11:19:00
C0428,P044,P078,2026-08-10T18:43:00
C0429,P044,P078,2026-08-12T23:21:00
C0430,P044,P078,2026-08-12T23:38:00
C0431,P044,P078,2026-08-11T00:19:00
C0432,P044,P078,2026-08-12T19:11:00
C0433,P044,P078,2026-08-10T19:15:00
C0434,P044,P052,2026-08-12T14:46:00
C0435,P044,P052,2026-08-12T15:30:00
C0436,P044,P052,2026-08-10T20:15:00
C0437,P044,P052,2026-08-12T20:20:00
C0438,P044,P052,2026-08-11T12:18:00
C0439,P044,P052,2026-08-10T09:51:00
C0440,P044,P052,2026-08-10T20:24:00
C0441,P044,P052,2026-08-12T10:26:00
C0442,P044,P052,2026-08-12T23:16:00
C0443,P044,P052,2026-08-11T06:50:00
C0444,P044,P052,2026-08-12T13:34:00
C0445,P044,P052,2026-08-12T23:42:00
C0446,P044,P052,2026-08-11T12:16:00
C0447,P044,P052,2026-08-12T14:55:00
C0448,P044,P052,2026-08-12T05:53:00
C0449,P044,P052,2026-08-12T19:09:00
C0450,P044,P052,2026-08-12T10:20:00
C0451,P044,P052,2026-08-12T15:30:00
C0452,P044,P057,2026-08-11T01:06:00
C0453,P044,P057,2026-08-11T02:22:00
C0454,P044,P057,2026-08-10T19:02:00
C0455,P044,P057,2026-08-12T13:55:00
C0456,P044,P057,2026-08-12T08:02:00
C0457,P044,P057,2026-08-10T15:32:00
C0458,P044,P057,2026-08-11T10:16:00
C0459,P044,P057,2026-08-12T19:42:00
C0460,P044,P057,2026-08-10T10:48:00
C0461,P044,P057,2026-08-12T18:46:00
C0462,P044,P057,2026-08-11T16:17:00
C0463,P044,P057,2026-08-10T23:21:00
C0464,P044,P057,2026-08-10T21:47:00
C0465,P044,P057,2026-08-12T15:54:00
C0466,P044,P120,2026-08-12T22:51:00
C0467,P044,P120,2026-08-11T15:35:00
C0468,P044,P120,2026-08-11T08:02:00
C0469,P044,P120,2026-08-11T05:00:00
C0470,P044,P120,2026-08-12T16:10:00
C0471,P044,P120,2026-08-12T14:27:00
C0472,P044,P120,2026-08-12T19:38:00
C0473,P044,P120,2026-08-10T23:42:00
C0474,P044,P120,2026-08-10T23:23:00
C0475,P044,P120,2026-08-10T09:46:00
C0476,P044,P120,2026-08-12T05:13:00
C0477,P044,P120,2026-08-10T21:21:00
C0478,P044,P120,2026-08-11T11:22:00
C0479,P044,P120,2026-08-11T06:34:00
C0480,P044,P120,2026-08-11T03:11:00
C0481,P044,P120,2026-08-12T19:10:00
C0482,P078,P027,2026-08-10T12:54:00
C0483,P078,P027,2026-08-13T02:10:00
C0484,P078,P027,2026-08-12T12:57:00
C0485,P078,P027,2026-08-11T03:13:00
C0486,P078,P027,2026-08-11T08:08:00
C0487,P078,P027,2026-08-12T03:57:00
C0488,P078,P027,2026-08-11T18:56:00
C0489,P078,P027,2026-08-11T11:27:00
C0490,P078,P027,2026-08-12T06:33:00
C0491,P078,P027,2026-08-12T17:45:00
C0492,P078,P027,2026-08-11T20:46:00
C0493,P078,P027,2026-08-11T06:46:00
C0494,P078,P027,2026-08-13T00:17:00
C0495,P078,P027,2026-08-10T10:03:00
C0496,P078,P027,2026-08-10T16:02:00
C0497,P078,P027,2026-08-12T20:02:00
C0498,P078,P027,2026-08-13T02:24:00
C0499,P078,P027,2026-08-11T01:59:00
C0500,P078,P081,2026-08-10T20:21:00
C0501,P078,P081,2026-08-11T23:48:00
C0502,P078,P081,2026-08-13T01:52:00
C0503,P078,P081,2026-08-11T02:17:00
C0504,P078,P081,2026-08-10T10:46:00
C0505,P078,P081,2026-08-10T15:34:00
C0506,P078,P081,2026-08-12T00:53:00
C0507,P078,P081,2026-08-11T13:49:00
C0508,P078,P081,2026-08-11T07:45:00
C0509,P078,P081,2026-08-12T09:54:00
C0510,P078,P081,2026-08-12T13:51:00
C0511,P078,P081,2026-08-11T05:34:00
C0512,P078,P081,2026-08-11T13:57:00
C0513,P078,P081,2026-08-12T01:33:00
C0514,P078,P081,2026-08-11T19:04:00
C0515,P078,P093,2026-08-10T16:03:00
C0516,P078,P093,2026-08-11T10:27:00
C0517,P078,P093,2026-08-12T21:34:00
C0518,P078,P093,2026-08-11T23:31:00
C0519,P078,P093,2026-08-10T21:08:00
C0520,P078,P093,2026-08-11T01:33:00
C0521,P078,P093,2026-08-10T11:11:00
C0522,P078,P093,2026-08-12T08:33:00
C0523,P078,P093,2026-08-11T13:56:00
C0524,P078,P093,2026-08-10T08:16:00
C0525,P078,P093,2026-08-11T19:39:00
C0526,P078,P093,2026-08-12T23:21:00
C0527,P120,P131,2026-08-12T15:13:00
C0528,P120,P131,2026-08-11T20:55:00
C0529,P120,P131,2026-08-12T07:03:00
C0530,P120,P131,2026-08-12T09:16:00
C0531,P120,P131,2026-08-13T00:21:00
C0532,P120,P131,2026-08-12T10:49:00
C0533,P120,P131,2026-08-12T10:28:00
C0534,P120,P131,2026-08-12T05:56:00
C0535,P120,P131,2026-08-10T21:37:00
C0536,P120,P131,2026-08-11T09:01:00
C0537,P111,P018,2026-08-12T05:14:00
C0538,P081,P032,2026-08-12T01:10:00
C0539,P130,P080,2026-08-12T15:55:00
C0540,P084,P104,2026-08-12T00:32:00
C0541,P142,P033,2026-08-11T10:21:00
C0542,P108,P098,2026-08-11T07:55:00
C0543,P146,P078,2026-08-12T15:36:00
C0544,P141,P001,2026-08-12T01:39:00
C0545,P074,P054,2026-08-12T18:51:00
C0546,P149,P083,2026-08-12T23:39:00
C0547,P055,P131,2026-08-13T00:46:00
C0548,P044,P022,2026-08-11T22:54:00
C0549,P132,P086,2026-08-10T20:55:00
C0550,P061,P080,2026-08-11T14:50:00
C0551,P051,P038,2026-08-10T11:30:00
C0552,P012,P063,2026-08-13T01:02:00
C0553,P019,P117,2026-08-12T16:45:00
C0554,P148,P050,2026-08-12T12:35:00
C0555,P127,P103,2026-08-11T17:28:00
C0556,P038,P002,2026-08-10T22:43:00
C0557,P109,P057,2026-08-11T08:10:00
C0558,P133,P119,2026-08-10T15:01:00
C0559,P143,P064,2026-08-11T00:44:00
C0560,P117,P035,2026-08-12T23:36:00
C0561,P136,P144,2026-08-13T17:27:00
C0562,P082,P114,2026-08-13T05:05:00
C0563,P110,P141,2026-08-12T21:02:00
C0564,P041,P122,2026-08-12T21:36:00
C0565,P067,P064,2026-08-11T22:01:00
C0566,P134,P125,2026-08-11T16:49:00
C0567,P071,P113,2026-08-10T18:44:00
C0568,P074,P061,2026-08-11T21:15:00
C0569,P086,P082,2026-08-13T09:54:00
C0570,P021,P036,2026-08-11T04:45:00
C0571,P060,P099,2026-08-11T05:01:00
C0572,P055,P017,2026-08-12T16:48:00
C0573,P105,P085,2026-08-13T10:15:00
C0574,P120,P107,2026-08-10T16:40:00
C0575,P053,P108,2026-08-12T13:20:00
C0576,P150,P006,2026-08-13T14:46:00
C0577,P098,P123,2026-08-10T08:58:00
C0578,P091,P077,2026-08-12T13:24:00
C0579,P108,P138,2026-08-13T10:43:00
C0580,P057,P125,2026-08-11T14:07:00
C0581,P070,P112,2026-08-13T02:28:00
C0582,P008,P100,2026-08-12T06:03:00
C0583,P104,P043,2026-08-12T23:58:00
C0584,P033,P137,2026-08-10T11:50:00
C0585,P101,P145,2026-08-10T11:52:00
C0586,P022,P110,2026-08-11T02:41:00
C0587,P119,P047,2026-08-10T15:01:00
C0588,P067,P098,2026-08-12T04:51:00
C0589,P055,P117,2026-08-12T04:47:00
C0590,P087,P098,2026-08-11T22:09:00
C0591,P108,P065,2026-08-10T19:20:00
C0592,P121,P005,2026-08-13T09:48:00
C0593,P014,P090,2026-08-11T14:46:00
C0594,P018,P011,2026-08-10T12:24:00
C0595,P064,P052,2026-08-10T10:56:00
C0596,P040,P062,2026-08-11T01:24:00
C0597,P122,P030,2026-08-13T13:10:00
C0598,P056,P120,2026-08-11T19:09:00
C0599,P095,P043,2026-08-13T18:53:00
C0600,P030,P042,2026-08-12T02:38:00
C0601,P028,P149,2026-08-10T11:40:00
C0602,P080,P148,2026-08-12T11:24:00
C0603,P102,P051,2026-08-10T18:32:00
C0604,P063,P027,2026-08-12T01:20:00
C0605,P031,P145,2026-08-10T13:46:00
C0606,P089,P137,2026-08-12T18:39:00
C0607,P095,P018,2026-08-13T05:14:00
C0608,P088,P004,2026-08-12T17:31:00
C0609,P126,P028,2026-08-12T19:21:00
C0610,P093,P118,2026-08-11T05:03:00
C0611,P112,P046,2026-08-13T07:24:00
C0612,P070,P138,2026-08-13T02:10:00
C0613,P120,P112,2026-08-13T17:03:00
C0614,P069,P083,2026-08-11T17:41:00
C0615,P023,P072,2026-08-12T21:42:00
C0616,P063,P119,2026-08-13T13:58:00
C0617,P098,P087,2026-08-10T12:05:00
C0618,P127,P084,2026-08-11T08:59:00
C0619,P125,P055,2026-08-12T08:36:00
C0620,P067,P088,2026-08-11T22:20:00
C0621,P071,P143,2026-08-10T09:33:00
C0622,P133,P049,2026-08-10T19:51:00
C0623,P062,P105,2026-08-13T02:52:00
C0624,P143,P062,2026-08-13T01:10:00
C0625,P126,P115,2026-08-10T10:31:00
C0626,P024,P076,2026-08-11T14:25:00
C0627,P104,P063,2026-08-12T01:58:00
C0628,P149,P095,2026-08-13T00:46:00
C0629,P142,P136,2026-08-12T07:06:00
C0630,P109,P141,2026-08-12T05:19:00
C0631,P091,P117,2026-08-11T21:09:00
C0632,P079,P065,2026-08-11T15:38:00
C0633,P031,P050,2026-08-12T03:14:00
C0634,P031,P138,2026-08-11T09:26:00
C0635,P050,P056,2026-08-13T02:16:00
C0636,P071,P135,2026-08-13T17:38:00
C0637,P073,P026,2026-08-11T10:40:00
C0638,P076,P059,2026-08-12T09:26:00
C0639,P046,P078,2026-08-10T10:05:00
C0640,P137,P033,2026-08-11T21:37:00
C0641,P012,P014,2026-08-13T11:43:00
C0642,P075,P033,2026-08-13T03:11:00
C0643,P027,P004,2026-08-13T14:32:00
C0644,P073,P121,2026-08-13T01:31:00
C0645,P113,P088,2026-08-11T09:20:00
C0646,P014,P065,2026-08-13T01:23:00
C0647,P030,P017,2026-08-12T14:52:00
C0648,P126,P019,2026-08-13T14:56:00
C0649,P014,P039,2026-08-11T04:32:00
C0650,P145,P078,2026-08-10T19:47:00
C0651,P064,P031,2026-08-13T12:21:00
C0652,P107,P058,2026-08-13T07:30:00
C0653,P098,P116,2026-08-12T20:36:00
C0654,P077,P110,2026-08-12T01:51:00
C0655,P146,P016,2026-08-10T21:42:00
C0656,P054,P055,2026-08-11T20:17:00
C0657,P021,P041,2026-08-11T16:54:00
C0658,P045,P142,2026-08-10T18:24:00
C0659,P041,P001,2026-08-12T15:56:00
C0660,P116,P121,2026-08-11T23:55:00
C0661,P009,P060,2026-08-11T23:30:00
C0662,P073,P117,2026-08-10T17:53:00
C0663,P060,P068,2026-08-13T16:41:00
C0664,P051,P109,2026-08-10T23:50:00
C0665,P140,P058,2026-08-11T04:30:00
C0666,P069,P037,2026-08-10T17:54:00
C0667,P016,P043,2026-08-12T02:09:00
C0668,P146,P074,2026-08-12T20:07:00
C0669,P032,P120,2026-08-12T01:41:00
C0670,P104,P070,2026-08-13T04:29:00
C0671,P139,P127,2026-08-12T19:56:00
C0672,P021,P011,2026-08-12T19:09:00
C0673,P083,P065,2026-08-10T11:41:00
C0674,P024,P059,2026-08-13T14:42:00
C0675,P006,P069,2026-08-13T14:50:00
C0676,P011,P045,2026-08-13T00:24:00
C0677,P133,P114,2026-08-11T22:08:00
C0678,P047,P150,2026-08-12T19:40:00
C0679,P126,P024,2026-08-13T00:20:00
C0680,P090,P105,2026-08-12T05:40:00
C0681,P083,P027,2026-08-11T06:07:00
C0682,P085,P106,2026-08-13T03:48:00
C0683,P074,P103,2026-08-13T11:16:00
C0684,P010,P117,2026-08-10T20:11:00
C0685,P081,P065,2026-08-12T04:18:00
C0686,P030,P104,2026-08-13T06:25:00
C0687,P001,P139,2026-08-12T23:14:00
C0688,P106,P014,2026-08-11T09:46:00
C0689,P133,P093,2026-08-13T04:13:00
C0690,P114,P014,2026-08-11T11:57:00
C0691,P069,P141,2026-08-11T02:03:00
C0692,P074,P113,2026-08-13T02:20:00
C0693,P032,P008,2026-08-13T19:17:00
C0694,P062,P041,2026-08-12T02:35:00
C0695,P142,P004,2026-08-13T11:34:00
C0696,P105,P024,2026-08-11T14:50:00
C0697,P030,P119,2026-08-11T00:12:00
C0698,P040,P128,2026-08-12T00:00:00
C0699,P131,P070,2026-08-12T16:53:00
C0700,P124,P121,2026-08-11T17:26:00
C0701,P117,P142,2026-08-11T03:54:00
C0702,P099,P049,2026-08-13T18:00:00
C0703,P131,P035,2026-08-10T17:41:00
C0704,P071,P107,2026-08-12T06:34:00
C0705,P130,P069,2026-08-10T08:31:00
C0706,P073,P077,2026-08-13T16:18:00
C0707,P149,P126,2026-08-11T04:27:00
C0708,P115,P138,2026-08-13T02:17:00
C0709,P089,P086,2026-08-13T11:31:00
C0710,P140,P097,2026-08-12T22:20:00
C0711,P083,P049,2026-08-11T16:46:00
C0712,P147,P099,2026-08-11T16:03:00
C0713,P106,P012,2026-08-12T03:36:00
C0714,P122,P098,2026-08-12T12:52:00
C0715,P039,P127,2026-08-10T13:13:00
C0716,P033,P129,2026-08-13T16:44:00
C0717,P085,P026,2026-08-12T20:16:00
C0718,P026,P135,2026-08-12T22:33:00
C0719,P004,P037,2026-08-12T16:08:00
C0720,P040,P020,2026-08-13T00:16:00
C0721,P068,P087,2026-08-12T14:26:00
C0722,P021,P085,2026-08-13T09:01:00
C0723,P098,P082,2026-08-13T02:47:00
C0724,P139,P010,2026-08-10T17:30:00
C0725,P061,P074,2026-08-11T15:13:00
C0726,P024,P112,2026-08-10T21:36:00
C0727,P026,P114,2026-08-11T06:52:00
C0728,P077,P008,2026-08-10T14:26:00
C0729,P084,P015,2026-08-12T00:13:00
C0730,P092,P096,2026-08-12T18:58:00
C0731,P038,P063,2026-08-13T08:41:00
C0732,P106,P145,2026-08-11T08:45:00
C0733,P044,P045,2026-08-10T18:56:00
C0734,P098,P062,2026-08-13T04:06:00
C0735,P150,P037,2026-08-11T15:52:00
C0736,P119,P066,2026-08-12T22:54:00
C0737,P066,P003,2026-08-12T23:41:00
C0738,P074,P140,2026-08-11T05:44:00
C0739,P019,P114,2026-08-12T07:20:00
C0740,P077,P109,2026-08-11T18:18:00
C0741,P117,P078,2026-08-11T11:21:00
C0742,P099,P124,2026-08-10T22:43:00
C0743,P061,P098,2026-08-13T14:15:00
C0744,P092,P148,2026-08-12T00:33:00
C0745,P076,P006,2026-08-12T14:12:00
C0746,P071,P003,2026-08-13T13:26:00
C0747,P013,P128,2026-08-11T23:14:00
C0748,P059,P091,2026-08-11T14:04:00
C0749,P049,P065,2026-08-11T02:50:00
C0750,P025,P011,2026-08-12T02:20:00
C0751,P113,P009,2026-08-13T15:17:00
C0752,P094,P034,2026-08-10T20:28:00
C0753,P076,P084,2026-08-12T16:53:00
C0754,P045,P052,2026-08-11T02:12:00
C0755,P139,P094,2026-08-13T08:38:00
C0756,P129,P070,2026-08-11T06:37:00
C0757,P066,P124,2026-08-12T00:27:00
C0758,P087,P030,2026-08-13T00:06:00
C0759,P020,P037,2026-08-11T14:58:00
C0760,P102,P143,2026-08-12T10:06:00
C0761,P024,P102,2026-08-10T10:04:00
C0762,P068,P138,2026-08-11T01:02:00
C0763,P117,P095,2026-08-11T19:57:00
C0764,P150,P098,2026-08-12T10:53:00
C0765,P028,P060,2026-08-13T00:32:00
C0766,P007,P144,2026-08-12T04:57:00
C0767,P057,P017,2026-08-12T23:33:00
C0768,P078,P105,2026-08-11T00:05:00
C0769,P036,P012,2026-08-10T13:14:00
C0770,P078,P127,2026-08-11T00:01:00
C0771,P025,P061,2026-08-13T09:33:00
C0772,P035,P100,2026-08-12T22:06:00
C0773,P095,P139,2026-08-12T17:23:00
C0774,P040,P107,2026-08-10T21:41:00
C0775,P126,P105,2026-08-11T22:21:00
C0776,P009,P095,2026-08-11T13:49:00
C0777,P061,P093,2026-08-10T21:43:00
C0778,P095,P140,2026-08-12T09:08:00
C0779,P016,P102,2026-08-11T21:50:00
C0780,P049,P032,2026-08-12T22:15:00
C0781,P024,P055,2026-08-13T17:41:00
C0782,P006,P013,2026-08-12T05:42:00
C0783,P063,P033,2026-08-13T13:15:00
C0784,P053,P018,2026-08-13T11:50:00
C0785,P054,P056,2026-08-11T15:58:00
C0786,P085,P038,2026-08-13T17:32:00
C0787,P001,P071,2026-08-11T03:55:00
C0788,P034,P139,2026-08-11T18:23:00
C0789,P045,P029,2026-08-10T11:41:00
C0790,P034,P004,2026-08-12T09:04:00
C0791,P061,P083,2026-08-10T10:19:00
C0792,P045,P068,2026-08-10T15:19:00
C0793,P033,P108,2026-08-13T07:59:00
C0794,P030,P017,2026-08-13T01:11:00
C0795,P115,P093,2026-08-13T06:14:00
C0796,P028,P116,2026-08-13T04:57:00
C0797,P057,P012,2026-08-13T07:21:00
C0798,P078,P118,2026-08-10T12:25:00
C0799,P016,P123,2026-08-12T15:00:00
C0800,P110,P028,2026-08-13T03:06:00
C0801,P114,P019,2026-08-10T19:11:00
C0802,P083,P038,2026-08-10T17:08:00
C0803,P033,P071,2026-08-13T16:05:00
C0804,P141,P084,2026-08-12T12:10:00
C0805,P136,P076,2026-08-12T22:06:00
C0806,P130,P111,2026-08-10T21:42:00
C0807,P030,P142,2026-08-11T13:31:00
C0808,P111,P116,2026-08-11T15:21:00
C0809,P106,P087,2026-08-12T22:05:00
C0810,P103,P107,2026-08-10T21:08:00
C0811,P081,P110,2026-08-12T02:50:00
C0812,P066,P096,2026-08-11T05:00:00
C0813,P122,P018,2026-08-10T20:37:00
C0814,P022,P024,2026-08-12T19:07:00
C0815,P025,P096,2026-08-11T01:55:00
C0816,P143,P016,2026-08-13T16:14:00
C0817,P085,P032,2026-08-12T16:15:00
C0818,P091,P109,2026-08-10T15:11:00
C0819,P074,P080,2026-08-12T08:10:00
C0820,P027,P148,2026-08-13T05:26:00
C0821,P055,P040,2026-08-13T02:00:00
C0822,P058,P028,2026-08-12T07:58:00
C0823,P143,P095,2026-08-10T23:51:00
C0824,P072,P147,2026-08-11T15:02:00
C0825,P110,P144,2026-08-13T12:10:00
C0826,P007,P069,2026-08-10T12:07:00
C0827,P047,P070,2026-08-12T02:21:00
C0828,P087,P090,2026-08-10T09:00:00
C0829,P047,P037,2026-08-13T13:29:00
C0830,P103,P018,2026-08-11T03:32:00
C0831,P008,P024,2026-08-13T08:35:00
C0832,P056,P097,2026-08-12T17:29:00
C0833,P117,P088,2026-08-11T05:39:00
