org_id,name
Organization_X,Apex Maritime Holdings Ltd.
Organization_Y,Vanguard Freight Global
Organization_Z,Krypton Financial Corp
Organization_Alpha,Metro Logistics Escrow
Org_005,Commercial Enterprise 005
Org_006,Commercial Enterprise 006
Org_007,Commercial Enterprise 007
Org_008,Commercial Enterprise 008
Org_009,Commercial Enterprise 009
Org_010,Commercial Enterprise 010
Org_011,Commercial Enterprise 011
Org_012,Commercial Enterprise 012
Org_013,Commercial Enterprise 013
Org_014,Commercial Enterprise 014
Org_015,Commercial Enterprise 015
Org_016,Commercial Enterprise 016
Org_017,Commercial Enterprise 017
Org_018,Commercial Enterprise 018
Org_019,Commercial Enterprise 019
Org_020,Commercial Enterprise 020
Org_021,Commercial Enterprise 021
Org_022,Commercial Enterprise 022
Org_023,Commercial Enterprise 023
Org_024,Commercial Enterprise 024
Org_025,Commercial Enterprise 025
Org_026,Commercial Enterprise 026
Org_027,Commercial Enterprise 027
Org_028,Commercial Enterprise 028
Org_029,Commercial Enterprise 029
Org_030,Commercial Enterprise 030
Org_031,Commercial Enterprise 031
Org_032,Commercial Enterprise 032
Org_033,Commercial Enterprise 033
Org_034,Commercial Enterprise 034
Org_035,Commercial Enterprise 035
Org_036,Commercial Enterprise 036
Org_037,Commercial Enterprise 037
Org_038,Commercial Enterprise 038
Org_039,Commercial Enterprise 039
Org_040,Commercial Enterprise 040
Org_041,Commercial Enterprise 041
Org_042,Commercial Enterprise 042
Org_043,Commercial Enterprise 043
Org_044,Commercial Enterprise 044
Org_045,Commercial Enterprise 045
Org_046,Commercial Enterprise 046
Org_047,Commercial Enterprise 047
Org_048,Commercial Enterprise 048
Org_049,Commercial Enterprise 049
Org_050,Commercial Enterprise 050
