person_id,name
P001,Person_001 (Apex Lead)
P002,Person_002
P003,Person_003
P004,Person_004
P005,Person_005
P006,Person_006
P007,Person_007
P008,Person_008
P009,Person_009
P010,Person_010
P011,Person_011
P012,Person_012
P013,Person_013
P014,Person_014
P015,Person_015
P016,Person_016
P017,Person_017
P018,Person_018
P019,Person_019
P020,Person_020
P021,Person_021
P022,Person_022
P023,Person_023
P024,Person_024
P025,Person_025
P026,Person_026
P027,Person_027 (Fleet Lead)
P028,Person_028
P029,Person_029
P030,Person_030
P031,Person_031
P032,Person_032
P033,Person_033
P034,Person_034
P035,Person_035
P036,Person_036
P037,Person_037
P038,Person_038
P039,Person_039
P040,Person_040
P041,Person_041
P042,Person_042
P043,Person_043
P044,Person_044 (Delta Coordinator)
P045,Person_045
P046,Person_046
P047,Person_047
P048,Person_048
P049,Person_049
P050,Person_050
P051,Person_051
P052,Person_052
P053,Person_053
P054,Person_054
P055,Person_055
P056,Person_056
P057,Person_057
P058,Person_058
P059,Person_059
P060,Person_060
P061,Person_061
P062,Person_062
P063,Person_063
P064,Person_064
P065,Person_065
P066,Person_066
P067,Person_067
P068,Person_068
P069,Person_069
P070,Person_070
P071,Person_071
P072,Person_072
P073,Person_073
P074,Person_074
P075,Person_075
P076,Person_076
P077,Person_077
P078,Person_078 (Vanguard Director)
P079,Person_079
P080,Person_080
P081,Person_081
P082,Person_082
P083,Person_083
P084,Person_084
P085,Person_085
P086,Person_086
P087,Person_087
P088,Person_088
P089,Person_089
P090,Person_090
P091,Person_091
P092,Person_092
P093,Person_093
P094,Person_094
P095,Person_095
P096,Person_096
P097,Person_097
P098,Person_098
P099,Person_099
P100,Person_100
P101,Person_101
P102,Person_102
P103,Person_103
P104,Person_104
P105,Person_105
P106,Person_106
P107,Person_107
P108,Person_108
P109,Person_109
P110,Person_110
P111,Person_111
P112,Person_112
P113,Person_113
P114,Person_114
P115,Person_115
P116,Person_116
P117,Person_117
P118,Person_118
P119,Person_119
P120,Person_120 (Maritime Liaison)
P121,Person_121
P122,Person_122
P123,Person_123
P124,Person_124
P125,Person_125
P126,Person_126
P127,Person_127
P128,Person_128
P129,Person_129
P130,Person_130
P131,Person_131
P132,Person_132
P133,Person_133
P134,Person_134
P135,Person_135
P136,Person_136
P137,Person_137
P138,Person_138
P139,Person_139
P140,Person_140
P141,Person_141
P142,Person_142
P143,Person_143
P144,Person_144
P145,Person_145
P146,Person_146
P147,Person_147
P148,Person_148
P149,Person_149
P150,Person_150
P151,Person_151
P152,Person_152
P153,Person_153
P154,Person_154
P155,Person_155
P156,Person_156
P157,Person_157
P158,Person_158
P159,Person_159
P160,Person_160
P161,Person_161
P162,Person_162
P163,Person_163
P164,Person_164
P165,Person_165
P166,Person_166
P167,Person_167
P168,Person_168
P169,Person_169
P170,Person_170
P171,Person_171
P172,Person_172
P173,Person_173
P174,Person_174
P175,Person_175
P176,Person_176
P177,Person_177
P178,Person_178
P179,Person_179
P180,Person_180
P181,Person_181
P182,Person_182
P183,Person_183
P184,Person_184
P185,Person_185
P186,Person_186
P187,Person_187
P188,Person_188
P189,Person_189
P190,Person_190
P191,Person_191
P192,Person_192
P193,Person_193
P194,Person_194
P195,Person_195
P196,Person_196
P197,Person_197
P198,Person_198
P199,Person_199
P200,Person_200
P201,Person_201
P202,Person_202
P203,Person_203
P204,Person_204
P205,Person_205
P206,Person_206
P207,Person_207
P208,Person_208
P209,Person_209
P210,Person_210
P211,Person_211
P212,Person_212
P213,Person_213
P214,Person_214
P215,Person_215
P216,Person_216
P217,Person_217
P218,Person_218
P219,Person_219
P220,Person_220
P221,Person_221
P222,Person_222
P223,Person_223
P224,Person_224
P225,Person_225
P226,Person_226
P227,Person_227
P228,Person_228
P229,Person_229
P230,Person_230
P231,Person_231
P232,Person_232
P233,Person_233
P234,Person_234
P235,Person_235
P236,Person_236
P237,Person_237
P238,Person_238
P239,Person_239
P240,Person_240
P241,Person_241
P242,Person_242
P243,Person_243
P244,Person_244
P245,Person_245
P246,Person_246
P247,Person_247
P248,Person_248
P249,Person_249
P250,Person_250
P251,Person_251
P252,Person_252
P253,Person_253
P254,Person_254
P255,Person_255
P256,Person_256
P257,Person_257
P258,Person_258
P259,Person_259
P260,Person_260
P261,Person_261
P262,Person_262
P263,Person_263
P264,Person_264
P265,Person_265
P266,Person_266
P267,Person_267
P268,Person_268
P269,Person_269
P270,Person_270
P271,Person_271
P272,Person_272
P273,Person_273
P274,Person_274
P275,Person_275
P276,Person_276
P277,Person_277
P278,Person_278
P279,Person_279
P280,Person_280
P281,Person_281
P282,Person_282
P283,Person_283
P284,Person_284
P285,Person_285
P286,Person_286
P287,Person_287
P288,Person_288
P289,Person_289
P290,Person_290
P291,Person_291
P292,Person_292
P293,Person_293
P294,Person_294
P295,Person_295
P296,Person_296
P297,Person_297
P298,Person_298
P299,Person_299
P300,Person_300
P301,Person_301
P302,Person_302
P303,Person_303
P304,Person_304
P305,Person_305
P306,Person_306
P307,Person_307
P308,Person_308
P309,Person_309
P310,Person_310
P311,Person_311
P312,Person_312
P313,Person_313
P314,Person_314
P315,Person_315
P316,Person_316
P317,Person_317
P318,Person_318
P319,Person_319
P320,Person_320
P321,Person_321
P322,Person_322
P323,Person_323
P324,Person_324
P325,Person_325
P326,Person_326
P327,Person_327
P328,Person_328
P329,Person_329
P330,Person_330
P331,Person_331
P332,Person_332
P333,Person_333
P334,Person_334
P335,Person_335
P336,Person_336
P337,Person_337
P338,Person_338
P339,Person_339
P340,Person_340
P341,Person_341
P342,Person_342
P343,Person_343
P344,Person_344
P345,Person_345
P346,Person_346
P347,Person_347
P348,Person_348
P349,Person_349
P350,Person_350
P351,Person_351
P352,Person_352
P353,Person_353
P354,Person_354
P355,Person_355
P356,Person_356
P357,Person_357
P358,Person_358
P359,Person_359
P360,Person_360
P361,Person_361
P362,Person_362
P363,Person_363
P364,Person_364
P365,Person_365
P366,Person_366
P367,Person_367
P368,Person_368
P369,Person_369
P370,Person_370
P371,Person_371
P372,Person_372
P373,Person_373
P374,Person_374
P375,Person_375
P376,Person_376
P377,Person_377
P378,Person_378
P379,Person_379
P380,Person_380
P381,Person_381
P382,Person_382
P383,Person_383
P384,Person_384
P385,Person_385
P386,Person_386
P387,Person_387
P388,Person_388
P389,Person_389
P390,Person_390
P391,Person_391
P392,Person_392
P393,Person_393
P394,Person_394
P395,Person_395
P396,Person_396
P397,Person_397
P398,Person_398
P399,Person_399
P400,Person_400
P401,Person_401
P402,Person_402
P403,Person_403
P404,Person_404
P405,Person_405
P406,Person_406
P407,Person_407
P408,Person_408
P409,Person_409
P410,Person_410
P411,Person_411
P412,Person_412
P413,Person_413
P414,Person_414
P415,Person_415
P416,Person_416
P417,Person_417
P418,Person_418
P419,Person_419
P420,Person_420
P421,Person_421
P422,Person_422
P423,Person_423
P424,Person_424
P425,Person_425
P426,Person_426
P427,Person_427
P428,Person_428
P429,Person_429
P430,Person_430
P431,Person_431
P432,Person_432
P433,Person_433
P434,Person_434
P435,Person_435
P436,Person_436
P437,Person_437
P438,Person_438
P439,Person_439
P440,Person_440
P441,Person_441
P442,Person_442
P443,Person_443
P444,Person_444
P445,Person_445
P446,Person_446
P447,Person_447
P448,Person_448
P449,Person_449
P450,Person_450
P451,Person_451
P452,Person_452
P453,Person_453
P454,Person_454
P455,Person_455
P456,Person_456
P457,Person_457
P458,Person_458
P459,Person_459
P460,Person_460
P461,Person_461
P462,Person_462
P463,Person_463
P464,Person_464
P465,Person_465
P466,Person_466
P467,Person_467
P468,Person_468
P469,Person_469
P470,Person_470
P471,Person_471
P472,Person_472
P473,Person_473
P474,Person_474
P475,Person_475
P476,Person_476
P477,Person_477
P478,Person_478
P479,Person_479
P480,Person_480
P481,Person_481
P482,Person_482
P483,Person_483
P484,Person_484
P485,Person_485
P486,Person_486
P487,Person_487
P488,Person_488
P489,Person_489
P490,Person_490
P491,Person_491
P492,Person_492
P493,Person_493
P494,Person_494
P495,Person_495
P496,Person_496
P497,Person_497
P498,Person_498
P499,Person_499
P500,Person_500
