transaction_id,from_account,to_account,amount,timestamp
T001,A103,A221,48000,2026-08-10T14:32:00
T002,A221,A340,47500,2026-08-10T15:10:00
T003,A103,Organization_X,49000,2026-08-11T09:15:00
T004,A001,A103,49500,2026-08-10T14:10:00
T005,A103,A088,46500,2026-08-10T16:00:00
T006,A103,A092,48200,2026-08-10T16:45:00
T0007,A024,A020,47517,2026-08-14T12:00:00
T0008,A037,A039,16135,2026-08-15T02:00:00
T0009,A004,A010,25632,2026-08-14T09:00:00
T0010,A040,A004,15693,2026-08-11T19:00:00
T0011,A029,A043,60576,2026-08-12T23:00:00
T0012,A039,A029,59287,2026-08-11T19:00:00
T0013,A014,A049,72154,2026-08-10T23:00:00
T0014,A023,A028,19534,2026-08-11T21:00:00
T0016,A038,A032,74066,2026-08-13T22:00:00
T0017,A020,A003,33903,2026-08-12T11:00:00
T0018,A039,A004,6007,2026-08-11T11:00:00
T0019,A020,A014,22987,2026-08-14T10:00:00
T0020,A017,A019,48007,2026-08-11T00:00:00
T0021,A001,A032,61446,2026-08-11T07:00:00
T0022,A009,A025,74806,2026-08-14T03:00:00
T0023,A015,A033,51421,2026-08-10T18:00:00
T0024,A026,A056,10544,2026-08-12T16:00:00
T0025,A002,A030,15205,2026-08-14T23:00:00
T0026,A021,A037,61267,2026-08-13T10:00:00
T0027,A026,A046,59747,2026-08-11T22:00:00
T0028,A008,A026,7733,2026-08-12T02:00:00
T0029,A011,A052,65305,2026-08-14T19:00:00
T0030,A045,A059,52428,2026-08-10T20:00:00
T0031,A028,A055,18875,2026-08-11T16:00:00
T0032,A028,A038,57487,2026-08-13T04:00:00
T0033,A006,A026,45668,2026-08-14T08:00:00
T0034,A022,A015,48655,2026-08-14T12:00:00
T0035,A011,A005,71910,2026-08-13T18:00:00
T0036,A008,A034,71840,2026-08-11T09:00:00
T0037,A058,A050,50793,2026-08-12T05:00:00
T0038,A047,A053,24358,2026-08-11T15:00:00
T0039,A007,A010,38550,2026-08-11T10:00:00
T0040,A012,A039,25036,2026-08-14T10:00:00
T0041,A049,A042,14876,2026-08-11T07:00:00
T0042,A050,A041,69764,2026-08-12T20:00:00
T0043,A049,A037,63838,2026-08-14T00:00:00
T0044,A060,A057,47363,2026-08-14T23:00:00
T0045,A041,A021,24786,2026-08-12T17:00:00
T0046,A005,A031,62961,2026-08-13T17:00:00
T0047,A020,A051,41002,2026-08-13T12:00:00
T0048,A004,A023,71497,2026-08-10T18:00:00
T0049,A020,A030,64233,2026-08-10T13:00:00
T0050,A004,A024,42627,2026-08-10T18:00:00
T0051,A042,A056,16835,2026-08-13T15:00:00
T0052,A039,A033,55394,2026-08-12T20:00:00
T0053,A038,A036,10376,2026-08-12T18:00:00
T0054,A059,A052,29672,2026-08-12T02:00:00
T0055,A039,A031,70715,2026-08-11T04:00:00
T0056,A004,A029,18566,2026-08-14T16:00:00
T0057,A058,A054,50015,2026-08-14T04:00:00
T0058,A006,A033,27617,2026-08-10T14:00:00
T0059,A016,A046,62377,2026-08-12T17:00:00
T0061,A040,A011,52696,2026-08-12T08:00:00
T0062,A059,A019,55779,2026-08-12T13:00:00
T0063,A050,A022,11863,2026-08-14T14:00:00
T0064,A041,A042,48863,2026-08-10T17:00:00
T0065,A022,A007,55667,2026-08-11T21:00:00
T0066,A017,A047,24709,2026-08-12T03:00:00
T0067,A006,A038,23537,2026-08-15T06:00:00
T0068,A023,A020,56374,2026-08-11T01:00:00
T0069,A039,A046,16104,2026-08-12T00:00:00
T0070,A036,A025,48054,2026-08-14T17:00:00
T0071,A009,A043,73995,2026-08-10T20:00:00
T0072,A042,A043,60496,2026-08-13T02:00:00
T0073,A024,A002,52526,2026-08-12T00:00:00
T0074,A012,A014,49791,2026-08-14T11:00:00
T0075,A032,A013,34693,2026-08-11T02:00:00
T0076,A010,A005,43770,2026-08-14T21:00:00
T0077,A051,A007,71543,2026-08-14T11:00:00
T0078,A035,A054,74013,2026-08-10T13:00:00
T0079,A043,A022,22176,2026-08-13T13:00:00
T0080,A025,A010,26266,2026-08-11T08:00:00
T0081,A054,A045,26697,2026-08-14T05:00:00
T0082,A029,A003,58852,2026-08-12T07:00:00
T0083,A044,A047,36133,2026-08-12T17:00:00
T0084,A040,A019,63841,2026-08-11T14:00:00
T0085,A035,A016,45562,2026-08-14T16:00:00
T0086,A051,A031,30430,2026-08-12T08:00:00
T0087,A044,A037,62749,2026-08-12T20:00:00
T0088,A050,A019,55052,2026-08-13T01:00:00
T0089,A034,A027,26241,2026-08-14T17:00:00
T0090,A013,A052,23140,2026-08-15T00:00:00
T0091,A017,A004,67991,2026-08-15T00:00:00
T0092,A024,A036,18446,2026-08-14T04:00:00
T0093,A055,A034,21341,2026-08-11T21:00:00
T0094,A006,A049,26012,2026-08-11T19:00:00
T0095,A029,A058,72286,2026-08-11T03:00:00
T0096,A054,A028,17021,2026-08-15T05:00:00
T0097,A015,A053,64130,2026-08-15T02:00:00
T0098,A023,A060,8495,2026-08-12T14:00:00
T0099,A004,A026,70799,2026-08-12T08:00:00
T0100,A016,A025,15696,2026-08-12T08:00:00
T0101,A015,A002,46770,2026-08-15T08:00:00
T0102,A007,A054,48947,2026-08-14T14:00:00
T0103,A010,A009,10020,2026-08-11T21:00:00
T0104,A059,A054,66925,2026-08-14T02:00:00
T0105,A054,A009,66487,2026-08-12T18:00:00
T0106,A040,A001,15384,2026-08-10T11:00:00
T0107,A017,A014,24597,2026-08-13T07:00:00
T0108,A047,A039,74176,2026-08-12T15:00:00
T0109,A008,A050,42762,2026-08-11T15:00:00
T0110,A020,A008,11258,2026-08-11T15:00:00
T0111,A027,A041,64914,2026-08-10T17:00:00
T0112,A008,A054,70513,2026-08-13T13:00:00
T0113,A035,A002,72551,2026-08-13T10:00:00
T0114,A016,A046,23818,2026-08-11T22:00:00
T0115,A028,A001,51244,2026-08-11T15:00:00
T0116,A037,A027,29551,2026-08-13T22:00:00
T0117,A043,A006,73614,2026-08-12T07:00:00
T0118,A005,A034,71496,2026-08-14T13:00:00
T0119,A033,A036,7665,2026-08-12T10:00:00
T0120,A056,A031,10706,2026-08-13T18:00:00
T0121,A025,A024,38246,2026-08-14T08:00:00
T0122,A002,A023,13855,2026-08-12T05:00:00
T0123,A016,A047,18587,2026-08-14T11:00:00
T0124,A038,A048,48583,2026-08-11T02:00:00
T0125,A003,A023,49374,2026-08-14T17:00:00
T0126,A042,A012,65899,2026-08-14T02:00:00
T0127,A031,A041,28891,2026-08-14T16:00:00
T0128,A009,A005,64988,2026-08-10T13:00:00
T0129,A019,A013,10741,2026-08-14T14:00:00
T0130,A013,A057,10492,2026-08-12T01:00:00
T0131,A060,A020,72552,2026-08-12T11:00:00
T0132,A053,A035,67049,2026-08-11T17:00:00
T0133,A003,A049,30048,2026-08-11T21:00:00
T0134,A023,A056,11265,2026-08-14T23:00:00
T0135,A042,A022,40811,2026-08-11T00:00:00
T0136,A052,A024,62272,2026-08-15T02:00:00
T0137,A026,A048,62637,2026-08-15T03:00:00
T0138,A025,A022,29486,2026-08-13T00:00:00
T0139,A045,A032,53148,2026-08-15T07:00:00
T0140,A052,A034,39959,2026-08-14T15:00:00
T0141,A006,A047,60640,2026-08-10T19:00:00
T0142,A028,A039,28652,2026-08-13T06:00:00
T0143,A019,A021,18447,2026-08-10T19:00:00
T0144,A021,A043,43750,2026-08-12T00:00:00
T0145,A029,A039,60851,2026-08-11T06:00:00
T0146,A045,A029,51077,2026-08-12T18:00:00
T0147,A003,A047,51210,2026-08-13T15:00:00
T0148,A028,A018,12518,2026-08-10T18:00:00
T0149,A043,A041,58242,2026-08-12T07:00:00
T0150,A033,A052,25969,2026-08-10T12:00:00
T0151,A010,A055,62432,2026-08-10T13:00:00
T0152,A009,A005,35932,2026-08-14T12:00:00
T0153,A042,A024,52467,2026-08-12T10:00:00
T0154,A037,A003,25111,2026-08-13T23:00:00
T0155,A029,A024,53760,2026-08-12T17:00:00
T0156,A049,A005,23047,2026-08-13T04:00:00
T0157,A024,A026,46207,2026-08-13T20:00:00
T0158,A018,A016,19869,2026-08-10T12:00:00
T0159,A048,A012,70410,2026-08-13T03:00:00
T0160,A025,A059,20435,2026-08-11T18:00:00
T0161,A050,A017,63493,2026-08-11T12:00:00
T0162,A040,A019,69382,2026-08-11T10:00:00
T0163,A008,A009,14706,2026-08-12T18:00:00
T0164,A012,A058,63341,2026-08-10T20:00:00
T0165,A052,A044,46889,2026-08-13T22:00:00
T0166,A023,A046,13511,2026-08-13T07:00:00
T0167,A035,A019,44315,2026-08-14T21:00:00
T0168,A011,A046,27818,2026-08-14T14:00:00
T0169,A024,A033,34391,2026-08-11T00:00:00
T0170,A013,A051,23202,2026-08-11T15:00:00
T0171,A051,A032,8445,2026-08-12T07:00:00
T0172,A036,A037,53353,2026-08-12T20:00:00
T0173,A052,A036,22009,2026-08-13T15:00:00
T0174,A057,A006,13617,2026-08-12T00:00:00
T0175,A026,A046,67739,2026-08-13T04:00:00
T0176,A027,A050,58665,2026-08-14T18:00:00
T0177,A037,A005,21426,2026-08-12T01:00:00
T0178,A042,A005,63979,2026-08-12T20:00:00
T0179,A044,A034,50156,2026-08-11T01:00:00
T0180,A057,A054,28850,2026-08-14T11:00:00
T0181,A009,A028,70911,2026-08-15T05:00:00
T0182,A056,A004,21274,2026-08-13T03:00:00
T0183,A010,A020,26581,2026-08-11T05:00:00
T0184,A021,A060,34552,2026-08-12T05:00:00
T0185,A034,A058,42230,2026-08-14T21:00:00
T0186,A006,A017,30729,2026-08-13T18:00:00
T0187,A036,A018,21406,2026-08-13T17:00:00
T0188,A020,A040,74924,2026-08-10T20:00:00
T0189,A033,A042,27103,2026-08-13T12:00:00
T0190,A038,A010,27439,2026-08-13T21:00:00
T0191,A040,A047,49252,2026-08-14T20:00:00
T0192,A060,A037,10399,2026-08-14T18:00:00
T0193,A056,A002,15646,2026-08-10T14:00:00
T0194,A042,A050,39688,2026-08-13T20:00:00
T0195,A014,A050,59602,2026-08-13T16:00:00
T0196,A041,A002,70278,2026-08-15T02:00:00
T0197,A041,A035,42967,2026-08-13T19:00:00
T0198,A020,A031,37096,2026-08-14T16:00:00
T0199,A052,A044,58227,2026-08-11T23:00:00
T0200,A030,A005,12852,2026-08-11T05:00:00
T0201,A029,A027,68471,2026-08-12T20:00:00
T0202,A014,A022,23830,2026-08-12T01:00:00
T0203,A056,A046,46853,2026-08-14T06:00:00
T0204,A056,A023,57260,2026-08-11T01:00:00
T0205,A049,A024,72499,2026-08-13T08:00:00
T0206,A007,A021,36685,2026-08-12T20:00:00
T0207,A008,A018,63929,2026-08-11T16:00:00
T0208,A010,A007,11632,2026-08-11T22:00:00
T0209,A025,A056,59805,2026-08-11T16:00:00
T0210,A056,A058,25932,2026-08-14T17:00:00
T0211,A021,A060,45988,2026-08-11T09:00:00
T0212,A049,A011,70308,2026-08-13T02:00:00
T0213,A030,A032,45441,2026-08-13T00:00:00
T0214,A002,A006,56543,2026-08-13T01:00:00
T0215,A030,A016,33199,2026-08-13T11:00:00
T0216,A023,A004,11624,2026-08-11T21:00:00
T0217,A032,A039,66680,2026-08-11T21:00:00
T0218,A035,A001,19089,2026-08-12T16:00:00
T0219,A009,A057,39664,2026-08-14T06:00:00
T0220,A024,A049,57855,2026-08-12T07:00:00
T0221,A003,A026,11705,2026-08-13T09:00:00
T0222,A036,A013,52516,2026-08-13T07:00:00
T0223,A019,A005,55639,2026-08-13T01:00:00
T0224,A029,A049,41663,2026-08-14T18:00:00
T0225,A040,A044,20572,2026-08-11T01:00:00
T0226,A007,A026,53915,2026-08-14T14:00:00
T0227,A022,A036,52920,2026-08-14T09:00:00
T0228,A010,A013,71731,2026-08-12T12:00:00
T0229,A033,A003,10938,2026-08-10T13:00:00
T0230,A009,A046,48652,2026-08-14T15:00:00
T0231,A031,A034,64898,2026-08-11T04:00:00
T0232,A039,A058,72568,2026-08-11T02:00:00
T0233,A021,A060,46750,2026-08-11T05:00:00
T0234,A026,A040,44221,2026-08-13T12:00:00
T0235,A022,A033,71809,2026-08-13T05:00:00
T0236,A032,A046,44294,2026-08-12T21:00:00
T0237,A053,A002,53281,2026-08-12T03:00:00
T0238,A044,A008,59596,2026-08-13T11:00:00
T0239,A020,A051,8492,2026-08-13T13:00:00
T0240,A031,A017,34824,2026-08-14T05:00:00
T0241,A004,A038,67973,2026-08-11T06:00:00
T0242,A034,A041,54832,2026-08-11T03:00:00
T0243,A053,A044,36745,2026-08-10T13:00:00
T0244,A037,A045,19404,2026-08-11T09:00:00
T0245,A002,A029,46116,2026-08-12T14:00:00
T0246,A010,A027,31724,2026-08-12T13:00:00
T0247,A033,A050,66814,2026-08-15T00:00:00
T0248,A055,A048,13163,2026-08-14T03:00:00
T0249,A009,A034,32176,2026-08-13T08:00:00
T0250,A021,A043,67701,2026-08-13T04:00:00
T0251,A025,A021,27699,2026-08-12T19:00:00
T0252,A059,A035,49869,2026-08-13T06:00:00
T0253,A023,A044,39650,2026-08-13T15:00:00
T0254,A031,A013,37311,2026-08-11T20:00:00
T0255,A036,A020,34473,2026-08-11T23:00:00
T0256,A050,A019,32168,2026-08-14T01:00:00
T0257,A046,A032,46555,2026-08-12T22:00:00
T0258,A023,A036,40842,2026-08-11T21:00:00
T0259,A008,A037,54767,2026-08-15T03:00:00
T0260,A026,A053,50237,2026-08-14T11:00:00
T0261,A052,A010,43070,2026-08-10T14:00:00
T0262,A019,A046,15358,2026-08-12T05:00:00
T0263,A060,A029,38612,2026-08-14T08:00:00
T0264,A031,A014,31485,2026-08-14T18:00:00
T0265,A035,A018,40601,2026-08-11T02:00:00
T0266,A007,A040,36363,2026-08-11T16:00:00
T0267,A004,A043,74604,2026-08-11T13:00:00
T0268,A041,A015,11880,2026-08-10T21:00:00
T0269,A027,A022,66918,2026-08-10T21:00:00
T0270,A044,A050,23018,2026-08-10T09:00:00
T0271,A036,A060,25701,2026-08-12T13:00:00
T0272,A042,A060,67350,2026-08-12T22:00:00
T0273,A042,A013,42649,2026-08-12T02:00:00
T0274,A019,A042,12754,2026-08-15T05:00:00
T0275,A050,A006,35437,2026-08-13T05:00:00
T0276,A048,A047,9888,2026-08-15T05:00:00
T0277,A059,A012,59773,2026-08-15T01:00:00
T0278,A054,A012,9763,2026-08-14T20:00:00
T0279,A026,A051,69930,2026-08-11T08:00:00
T0280,A060,A048,42941,2026-08-15T01:00:00
T0281,A003,A001,44110,2026-08-13T09:00:00
T0282,A039,A007,48914,2026-08-11T21:00:00
T0283,A030,A042,73723,2026-08-13T00:00:00
T0284,A057,A009,71088,2026-08-12T20:00:00
T0285,A018,A013,19764,2026-08-12T03:00:00
T0286,A011,A047,65150,2026-08-13T19:00:00
T0287,A017,A046,29405,2026-08-10T10:00:00
T0288,A048,A022,43669,2026-08-13T09:00:00
T0289,A044,A049,30318,2026-08-11T07:00:00
T0290,A040,A055,58148,2026-08-14T18:00:00
T0291,A028,A033,47982,2026-08-10T20:00:00
T0292,A026,A043,17502,2026-08-11T08:00:00
T0293,A009,A031,47415,2026-08-15T08:00:00
T0294,A016,A001,39181,2026-08-12T10:00:00
T0295,A016,A029,39995,2026-08-12T03:00:00
T0296,A020,A038,6498,2026-08-11T18:00:00
T0297,A042,A024,35972,2026-08-10T16:00:00
T0298,A043,A008,66000,2026-08-12T00:00:00
T0299,A011,A026,70866,2026-08-15T07:00:00
