vehicle_id,registration,owner
Vehicle_017,DL-08-CC-9017,P027
Vehicle_039,MH-04-T-8821,P078
Vehicle_088,HR-26-AB-1204,P044
Vehicle_004,DL-04-AA-2824,P013
Vehicle_005,DL-05-AA-5506,P126
Vehicle_006,DL-06-AA-4657,P072
Vehicle_007,DL-07-AA-2679,P347
Vehicle_008,DL-08-AA-9935,P045
Vehicle_009,DL-09-AA-7912,P017
Vehicle_010,DL-10-AA-1488,P048
Vehicle_011,DL-11-AA-4582,P120
Vehicle_012,DL-12-AA-9279,P309
Vehicle_013,DL-13-AA-1434,P288
Vehicle_014,DL-14-AA-4257,P367
Vehicle_015,DL-15-AA-9928,P215
Vehicle_016,DL-16-AA-4611,P230
Vehicle_017,DL-17-AA-5557,P415
Vehicle_018,DL-18-AA-1106,P389
Vehicle_019,DL-19-AA-3615,P358
Vehicle_020,DL-20-AA-7924,P175
Vehicle_021,DL-21-AA-5552,P080
Vehicle_022,DL-22-AA-4527,P491
Vehicle_023,DL-23-AA-6514,P053
Vehicle_024,DL-24-AA-2519,P195
Vehicle_025,DL-25-AA-2584,P184
Vehicle_026,DL-26-AA-6635,P310
Vehicle_027,DL-27-AA-5333,P414
Vehicle_028,DL-28-AA-1711,P374
Vehicle_029,DL-29-AA-8527,P275
Vehicle_030,DL-30-AA-3045,P499
Vehicle_031,DL-31-AA-7201,P041
Vehicle_032,DL-32-AA-5803,P425
Vehicle_033,DL-33-AA-6925,P296
Vehicle_034,DL-34-AA-4150,P361
Vehicle_035,DL-35-AA-2139,P024
Vehicle_036,DL-36-AA-4733,P396
Vehicle_037,DL-37-AA-5741,P041
Vehicle_038,DL-38-AA-4814,P444
Vehicle_039,DL-39-AA-2654,P195
Vehicle_040,DL-40-AA-5554,P233
Vehicle_041,DL-41-AA-6977,P084
Vehicle_042,DL-42-AA-7065,P182
Vehicle_043,DL-43-AA-4432,P344
Vehicle_044,DL-44-AA-5374,P360
Vehicle_045,DL-45-AA-2169,P312
Vehicle_046,DL-46-AA-3803,P274
Vehicle_047,DL-47-AA-5010,P084
Vehicle_048,DL-48-AA-8573,P195
Vehicle_049,DL-49-AA-5422,P474
Vehicle_050,DL-50-AA-4598,P351
Vehicle_051,DL-51-AA-6313,P432
Vehicle_052,DL-52-AA-1916,P118
Vehicle_053,DL-53-AA-1525,P413
Vehicle_054,DL-54-AA-6168,P206
Vehicle_055,DL-55-AA-5386,P034
Vehicle_056,DL-56-AA-4456,P468
Vehicle_057,DL-57-AA-6155,P109
Vehicle_058,DL-58-AA-9179,P203
Vehicle_059,DL-59-AA-8517,P074
Vehicle_060,DL-60-AA-5339,P072
Vehicle_061,DL-61-AA-5040,P382
Vehicle_062,DL-62-AA-9830,P135
Vehicle_063,DL-63-AA-8019,P460
Vehicle_064,DL-64-AA-7543,P186
Vehicle_065,DL-65-AA-4593,P071
Vehicle_066,DL-66-AA-9348,P253
Vehicle_067,DL-67-AA-2489,P387
Vehicle_068,DL-68-AA-1771,P441
Vehicle_069,DL-69-AA-2796,P079
Vehicle_070,DL-70-AA-3621,P406
Vehicle_071,DL-71-AA-7916,P306
Vehicle_072,DL-72-AA-2040,P198
Vehicle_073,DL-73-AA-7252,P306
Vehicle_074,DL-74-AA-8668,P271
Vehicle_075,DL-75-AA-5119,P498
