visit_id,person,location,timestamp
V001,P044,L001,2026-08-10T11:15:00
V002,P078,L001,2026-08-10T11:20:00
V003,P027,L002,2026-08-10T15:30:00
V004,P044,L002,2026-08-11T18:00:00
V005,P120,L005,2026-08-12T09:00:00
V0006,P040,L012,2026-08-11T00:00:00
V0007,P038,L006,2026-08-13T15:00:00
V0008,P029,L004,2026-08-11T02:00:00
V0009,P062,L003,2026-08-12T19:00:00
V0010,P078,L006,2026-08-12T14:00:00
V0011,P071,L015,2026-08-12T21:00:00
V0012,P069,L013,2026-08-13T22:00:00
V0013,P028,L013,2026-08-11T16:00:00
V0014,P077,L014,2026-08-10T19:00:00
V0015,P068,L008,2026-08-13T04:00:00
V0016,P047,L002,2026-08-13T09:00:00
V0017,P015,L001,2026-08-13T07:00:00
V0018,P065,L004,2026-08-13T10:00:00
V0019,P069,L003,2026-08-11T06:00:00
V0020,P042,L014,2026-08-13T03:00:00
V0021,P057,L002,2026-08-14T00:00:00
V0022,P027,L012,2026-08-13T11:00:00
V0023,P063,L002,2026-08-13T02:00:00
V0024,P058,L013,2026-08-10T16:00:00
V0025,P059,L003,2026-08-13T02:00:00
V0026,P054,L008,2026-08-13T09:00:00
V0027,P008,L009,2026-08-12T20:00:00
V0028,P040,L012,2026-08-10T11:00:00
V0029,P051,L005,2026-08-10T09:00:00
V0030,P028,L010,2026-08-10T18:00:00
V0031,P006,L007,2026-08-12T05:00:00
V0032,P009,L009,2026-08-10T16:00:00
V0033,P009,L015,2026-08-12T21:00:00
V0034,P005,L005,2026-08-12T13:00:00
V0035,P024,L013,2026-08-11T02:00:00
V0036,P054,L006,2026-08-12T09:00:00
V0037,P058,L014,2026-08-12T09:00:00
V0038,P049,L002,2026-08-14T00:00:00
V0039,P070,L003,2026-08-13T20:00:00
V0040,P045,L002,2026-08-11T07:00:00
V0041,P069,L007,2026-08-13T04:00:00
V0042,P017,L012,2026-08-11T13:00:00
V0043,P001,L013,2026-08-10T11:00:00
V0044,P039,L008,2026-08-13T23:00:00
V0045,P070,L007,2026-08-13T05:00:00
V0046,P049,L014,2026-08-11T14:00:00
V0047,P032,L008,2026-08-12T05:00:00
V0048,P020,L005,2026-08-11T09:00:00
V0049,P015,L001,2026-08-13T21:00:00
V0050,P054,L010,2026-08-14T11:00:00
V0051,P003,L004,2026-08-11T11:00:00
V0052,P009,L002,2026-08-13T13:00:00
V0053,P005,L008,2026-08-13T13:00:00
V0054,P007,L004,2026-08-14T07:00:00
V0055,P006,L007,2026-08-12T17:00:00
V0056,P030,L009,2026-08-11T12:00:00
V0057,P008,L003,2026-08-13T01:00:00
V0058,P038,L004,2026-08-14T06:00:00
V0059,P074,L006,2026-08-13T10:00:00
V0060,P077,L013,2026-08-13T23:00:00
V0061,P042,L004,2026-08-11T23:00:00
V0062,P019,L011,2026-08-13T03:00:00
V0063,P029,L007,2026-08-11T23:00:00
V0064,P036,L001,2026-08-13T08:00:00
V0065,P076,L015,2026-08-14T07:00:00
V0066,P023,L011,2026-08-13T23:00:00
V0067,P055,L009,2026-08-13T00:00:00
V0068,P007,L006,2026-08-13T19:00:00
V0069,P049,L013,2026-08-13T04:00:00
V0070,P041,L012,2026-08-12T14:00:00
V0071,P053,L003,2026-08-11T23:00:00
V0072,P049,L003,2026-08-14T09:00:00
V0073,P069,L008,2026-08-11T15:00:00
V0074,P029,L005,2026-08-14T03:00:00
V0075,P019,L013,2026-08-12T20:00:00
V0076,P008,L009,2026-08-12T13:00:00
V0077,P054,L009,2026-08-13T04:00:00
V0078,P018,L007,2026-08-11T16:00:00
V0079,P033,L004,2026-08-12T03:00:00
V0080,P011,L015,2026-08-12T18:00:00
V0081,P048,L002,2026-08-13T05:00:00
V0082,P025,L001,2026-08-11T19:00:00
V0083,P049,L011,2026-08-13T14:00:00
V0084,P078,L001,2026-08-10T18:00:00
V0085,P025,L013,2026-08-14T10:00:00
V0086,P076,L012,2026-08-13T22:00:00
V0087,P072,L004,2026-08-12T22:00:00
V0088,P027,L014,2026-08-12T03:00:00
V0089,P039,L015,2026-08-10T10:00:00
V0090,P028,L015,2026-08-11T09:00:00
V0091,P016,L012,2026-08-14T09:00:00
V0092,P062,L015,2026-08-11T16:00:00
V0093,P078,L012,2026-08-11T11:00:00
V0094,P051,L015,2026-08-11T15:00:00
V0095,P071,L006,2026-08-14T12:00:00
V0096,P037,L007,2026-08-12T20:00:00
V0097,P069,L011,2026-08-12T06:00:00
V0098,P040,L005,2026-08-12T07:00:00
V0099,P066,L015,2026-08-13T00:00:00
V0100,P060,L002,2026-08-14T05:00:00
V0101,P061,L013,2026-08-12T01:00:00
V0102,P027,L006,2026-08-12T01:00:00
V0103,P053,L001,2026-08-13T09:00:00
V0104,P029,L012,2026-08-11T03:00:00
V0105,P003,L005,2026-08-13T07:00:00
V0106,P075,L010,2026-08-14T05:00:00
V0107,P054,L005,2026-08-11T04:00:00
V0108,P026,L006,2026-08-11T14:00:00
V0109,P049,L010,2026-08-11T16:00:00
V0110,P064,L009,2026-08-13T20:00:00
V0111,P044,L005,2026-08-14T10:00:00
V0112,P063,L012,2026-08-13T19:00:00
V0113,P063,L008,2026-08-11T06:00:00
V0114,P046,L003,2026-08-11T02:00:00
V0115,P070,L008,2026-08-11T08:00:00
V0116,P070,L011,2026-08-10T16:00:00
V0117,P068,L001,2026-08-10T18:00:00
V0118,P007,L013,2026-08-10T09:00:00
V0119,P053,L003,2026-08-13T17:00:00
